{
    "features": 802.697616815567,
    "process_features_model_1_ptm": 9.069751977920532,
    "predict_and_compile_model_1_ptm": 246.89010500907898,
    "relax_model_1_ptm": 29.430912256240845,
    "process_features_model_2_ptm": 1.5587801933288574,
    "predict_and_compile_model_2_ptm": 115.96848821640015,
    "relax_model_2_ptm": 12.366276025772095,
    "process_features_model_3_ptm": 1.2732117176055908,
    "predict_and_compile_model_3_ptm": 86.6051619052887,
    "relax_model_3_ptm": 10.482166528701782,
    "process_features_model_4_ptm": 1.319159984588623,
    "predict_and_compile_model_4_ptm": 80.3496778011322,
    "relax_model_4_ptm": 11.71623182296753,
    "process_features_model_5_ptm": 1.3304028511047363,
    "predict_and_compile_model_5_ptm": 76.85188484191895,
    "relax_model_5_ptm": 14.140252828598022
}